proficiency_button_text,숙련도
GunMaster_ModOptionTitle,GunMaster
proficiency_stat_window_title,숙련도 스탯 분배
proficiency_points_label,포인트: {0}
proficiency_manual_mode,수동 분배
proficiency_auto_mode,자동 분배
proficiency_total_exp,총 경험치: {0}
proficiency_exp_to_next_level,다음 레벨까지: {0}
proficiency_no_stats_available,사용 가능한 스탯이 없습니다.
proficiency_reset_button,초기화
proficiency_close_button1,창 닫기
proficiency_reset_tooltip_title,초기화
proficiency_reset_tooltip_description,강화 수치와 강화량을 모두 초기화하고\n투자한 포인트가 초기화 됩니다.
proficiency_reset_tooltip_level,레벨: {0}
proficiency_reset_tooltip_cost_per_point,포인트당 비용: {0}원
proficiency_reset_tooltip_invested_points,투자 포인트: {0}
proficiency_reset_tooltip_total_cost,총 초기화 비용: {0}원
proficiency_reset_tooltip_no_points,(투자된 포인트 없음)
proficiency_reset_button_cost," ({0}원)"
proficiency_reset_button_not_enough_money," [돈 부족]"
proficiency_notification_item_not_found,아이템을 찾을 수 없습니다.
proficiency_notification_auto_mode_cannot_invest,자동 분배 모드에서는 수동 투자가 불가능합니다. 옵션에서 수동 분배 모드로 변경해주세요.
proficiency_notification_stat_upgrade_success,스탯 강화 완료! (소모 포인트: {0})
proficiency_notification_stat_upgrade_failed,스탯 강화 실패. 포인트가 부족합니다.
proficiency_notification_reset_success,초기화 완료! {0}포인트가 환원되었습니다.
proficiency_notification_reset_success_with_cost,초기화 완료! {0}포인트가 환원되었습니다. (비용: {1}원)
proficiency_notification_reset_failed,초기화 실패. 돈이 부족합니다.
proficiency_notification_reset_no_points,초기화할 포인트가 없습니다.
proficiency_notification_not_enough_money,"돈이 부족합니다. 필요: {0}원, 보유: {1}원"
proficiency_stat_card_boost,강화: +{0:F1}%
proficiency_stat_card_upgrade_count,투자: {0}회
proficiency_stat_card_required_points,필요: {0}P
proficiency_stat_card_tooltip_boost,강화 수치: +{0:F1}%
proficiency_stat_card_tooltip_upgrade_count,투자 횟수: {0}회
proficiency_stat_card_tooltip_next_cost,다음 투자 비용: {0}포인트
settings_window_title,GunMaster 설정
settings_toggle_enabled,활성화
settings_toggle_disabled,비활성화
Option_AutoStatAllocation,자동 스탯 분배
Option_EnhancementMultiplier,강화 배율
Option_EnhancementMultiplier_1_0,1.0배
Option_EnhancementMultiplier_1_5,1.5배
Option_EnhancementMultiplier_2_0,2.0배
Option_EnhancementMultiplier_2_5,2.5배
Option_EnhancementMultiplier_3_0,3.0배
Option_EnhancementMultiplier_5_0,5.0배
Option_ExperienceMultiplier,경험치 획득량 배율
Option_ExperienceMultiplier_1_0,1.0배
Option_ExperienceMultiplier_1_5,1.5배
Option_ExperienceMultiplier_2_0,2.0배
Option_ExperienceMultiplier_3_0,3.0배
Option_ExperienceMultiplier_5_0,5.0배
Option_ExperienceMultiplier_10_0,10.0배
Option_SaveWithBackup,백업 생성
Option_RestoreFromBackup,백업 파일 불러오기
Option_BackupList,백업 파일 목록
Option_BackupRestoreSuccess,백업에서 복원 완료
Option_BackupRestoreFailed,백업 복원 실패
Option_BackupSaveSuccess,백업 생성 완료
Option_BackupSaveFailed,백업 생성 실패
Option_NoBackupFiles,백업 파일이 없습니다
Option_BackupMaintenance,메인턴스
Option_IconDisplayMode,경험치 아이콘 표시
Option_IconDisplayMode_Disabled,비활성화
Option_IconDisplayMode_Right,활성화(오른쪽)
Option_IconDisplayMode_Left,활성화(왼쪽)
Option_LevelLimitMode,무기 레벨 제한
Option_LevelLimitMode_Unlimited,제한없음
Option_LevelLimitMode_50,50레벨
Option_LevelLimitMode_100,100레벨
Option_StatWindowHotkey,상태창 열기 단축키
Option_EnableKKeyShortcut,상태창 열기 단축키 활성화 유무
Option_EnableHKeyShortcut,기록관 단축키 활성화 유무
Key_LeftCtrl,왼쪽 Ctrl
Key_RightCtrl,오른쪽 Ctrl
Key_LeftShift,왼쪽 Shift
Key_RightShift,오른쪽 Shift
Key_LeftAlt,왼쪽 Alt
Key_RightAlt,오른쪽 Alt
Key_Return,Enter
Key_Backspace,Backspace
Key_Space,Space
Key_MouseLeft,마우스 왼쪽 버튼
Key_MouseRight,마우스 오른쪽 버튼
Key_MouseMiddle,마우스 가운데 버튼
proficiency_page_prev,이전
proficiency_page_next,다음
proficiency_goal_default,목표
proficiency_goal_total_kills,킬 수
proficiency_goal_total_headshots,헤드샷 수
proficiency_goal_total_melee_attacks,근접 공격
proficiency_goal_total_rocket_attacks,로켓 공격
proficiency_goal_total_damage,총 데미지
proficiency_goal_achieved,달성
proficiency_goal_not_achieved,미달성
proficiency_goal_level_100,100레벨 달성
proficiency_goal_level_101,101레벨 달성
proficiency_sidebar_total_kills,총 킬 수
proficiency_sidebar_total_headshots,총 헤드샷
proficiency_sidebar_total_melee_attacks,근접 공격
proficiency_sidebar_total_damage,총 데미지
proficiency_sidebar_weapons_at_100,100레벨 무기
proficiency_sidebar_max_damage_record,최고 데미지 기록
proficiency_detail_back,← 뒤로
proficiency_detail_max_level,최고 레벨: {0}
proficiency_detail_max_level_alt,최대 레벨: {0}
proficiency_detail_kills,킬: {0}
proficiency_detail_damage,데미지: {0}
proficiency_detail_headshots,헤드샷: {0}
proficiency_detail_melee_attacks,공격: {0}
proficiency_stat_boost_40,스탯 강화 40% ({0})
proficiency_stat_boost_50,스탯 강화 50% ({0})
proficiency_tooltip_max_level,최고 레벨: {0}
proficiency_tooltip_exp_bonus,경험치 보너스:
proficiency_tooltip_exp_bonus_half,• 최대 레벨의 절반까지 적용
proficiency_tooltip_exp_bonus_max,• 최대 60레벨까지 지원
proficiency_tooltip_exp_bonus_current,• 현재 보너스 레벨: {0}
proficiency_notification_goal_achieved_stat,목표 달성: {0} {1}
proficiency_notification_goal_achieved_level_100,목표 달성: {0} 레벨 100 도달!
proficiency_notification_goal_achieved_level_101,목표 달성: {0} 레벨 101 도달!
proficiency_notification_goal_achieved_level,목표 달성: {0} 레벨 {1} 도달!
proficiency_notification_goal_achieved_level_generic,목표 달성: {0} 레벨 달성!
proficiency_notification_goal_achieved_total_kills,목표 달성: 총 킬 수 {0} 달성!
proficiency_notification_goal_achieved_total_headshots,목표 달성: 총 헤드샷 수 {0} 달성!
proficiency_notification_goal_achieved_total_melee,목표 달성: 총 근접 공격 횟수 {0} 달성!
proficiency_notification_goal_achieved_total_rocket,목표 달성: 총 로켓 공격 횟수 {0} 달성!
proficiency_notification_goal_achieved_total_damage,목표 달성: 총 데미지 {0} 달성!
proficiency_gauge_all_weapons,전체 무기
proficiency_gauge_weapon_type,{0} 무기
proficiency_search_label,검색:
proficiency_close_window,창 닫기
proficiency_weapon_stats_title,무기 통계
proficiency_no_stats_data,통계 데이터 없음
proficiency_no_items_registered,현재 등록된 아이템이 없습니다.
proficiency_help_key_close,H/F 키: 닫기
proficiency_sidebar_total_stats,전체 통계
proficiency_milestone_record_title,마일스톤 기록관
proficiency_goal_name_kill_master_smg,킬 마스터 (기관단총)
proficiency_goal_desc_kill_master_smg,기관단총으로 총 {0}킬 달성
proficiency_goal_name_kill_master_ar,킬 마스터 (돌격소총)
proficiency_goal_desc_kill_master_ar,돌격소총으로 총 {0}킬 달성
proficiency_goal_name_kill_master_sht,킬 마스터 (샷건)
proficiency_goal_desc_kill_master_sht,샷건으로 총 {0}킬 달성
proficiency_goal_name_kill_master_br,킬 마스터 (전투소총)
proficiency_goal_desc_kill_master_br,전투소총으로 총 {0}킬 달성
proficiency_goal_name_kill_master_snp,킬 마스터 (스나이퍼)
proficiency_goal_desc_kill_master_snp,스나이퍼로 총 {0}킬 달성
proficiency_goal_name_kill_master_mag,킬 마스터 (매그넘)
proficiency_goal_desc_kill_master_mag,매그넘으로 총 {0}킬 달성
proficiency_goal_name_kill_master_pst,킬 마스터 (권총)
proficiency_goal_desc_kill_master_pst,권총으로 총 {0}킬 달성
proficiency_goal_name_kill_master_arr,킬 마스터 (활)
proficiency_goal_desc_kill_master_arr,활로 총 {0}킬 달성
proficiency_goal_name_kill_master_pws,킬 마스터 (소형에너지건)
proficiency_goal_desc_kill_master_pws,소형에너지건으로 총 {0}킬 달성
proficiency_goal_name_kill_master_melee,킬 마스터 (근접무기)
proficiency_goal_desc_kill_master_melee,근접무기로 총 {0}킬 달성
proficiency_points_label_with_free,잔여 포인트 : {0}({1})
proficiency_goal_name_headshot_master_snp,헤드샷 마스터 (스나이퍼)
proficiency_goal_desc_headshot_master_snp,스나이퍼로 총 {0}헤드샷 달성
proficiency_goal_name_headshot_master_mag,헤드샷 마스터 (매그넘)
proficiency_goal_desc_headshot_master_mag,매그넘으로 총 {0}헤드샷 달성
proficiency_goal_name_headshot_master_sht,헤드샷 마스터 (샷건)
proficiency_goal_desc_headshot_master_sht,샷건으로 총 {0}헤드샷 달성
proficiency_goal_name_headshot_master_arr,헤드샷 마스터 (활)
proficiency_goal_desc_headshot_master_arr,활로 총 {0}헤드샷 달성
proficiency_goal_name_headshot_master_pws,헤드샷 마스터 (소형에너지건)
proficiency_goal_desc_headshot_master_pws,소형에너지건으로 총 {0}헤드샷 달성
proficiency_goal_name_headshot_master_pst,헤드샷 마스터 (권총)
proficiency_goal_desc_headshot_master_pst,권총으로 총 {0}헤드샷 달성
proficiency_goal_name_headshot_master_ar,헤드샷 마스터 (돌격소총)
proficiency_goal_desc_headshot_master_ar,돌격소총으로 총 {0}헤드샷 달성
proficiency_goal_name_headshot_master_smg,헤드샷 마스터 (기관단총)
proficiency_goal_desc_headshot_master_smg,기관단총으로 총 {0}헤드샷 달성
proficiency_goal_name_headshot_master_br,헤드샷 마스터 (전투소총)
proficiency_goal_desc_headshot_master_br,전투소총으로 총 {0}헤드샷 달성
proficiency_goal_name_melee_attack_master,공격 마스터 (근접무기)
proficiency_goal_desc_melee_attack_master,근접무기로 총 {0}회 일반 공격 달성
proficiency_goal_name_damage_master_smg,데미지 마스터 (기관단총)
proficiency_goal_desc_damage_master_smg,기관단총으로 총 {0} 데미지 달성
proficiency_goal_name_damage_master_ar,데미지 마스터 (돌격소총)
proficiency_goal_desc_damage_master_ar,돌격소총으로 총 {0} 데미지 달성
proficiency_goal_name_damage_master_br,데미지 마스터 (전투소총)
proficiency_goal_desc_damage_master_br,전투소총으로 총 {0} 데미지 달성
proficiency_goal_name_damage_master_sht,데미지 마스터 (샷건)
proficiency_goal_desc_damage_master_sht,샷건으로 총 {0} 데미지 달성
proficiency_goal_name_damage_master_mag,데미지 마스터 (매그넘)
proficiency_goal_desc_damage_master_mag,매그넘으로 총 {0} 데미지 달성
proficiency_goal_name_damage_master_pws,데미지 마스터 (소형에너지건)
proficiency_goal_desc_damage_master_pws,소형에너지건으로 총 {0} 데미지 달성
proficiency_goal_name_damage_master_melee,데미지 마스터 (근접무기)
proficiency_goal_desc_damage_master_melee,근접무기로 총 {0} 데미지 달성
proficiency_goal_name_damage_master_pst,데미지 마스터 (권총)
proficiency_goal_desc_damage_master_pst,권총으로 총 {0} 데미지 달성
proficiency_goal_name_damage_master_arr,데미지 마스터 (활)
proficiency_goal_desc_damage_master_arr,활로 총 {0} 데미지 달성
proficiency_goal_name_damage_master_snp,데미지 마스터 (스나이퍼)
proficiency_goal_desc_damage_master_snp,스나이퍼로 총 {0} 데미지 달성
proficiency_goal_name_damage_master_rocket_150k,데미지 마스터 (로켓) - 1단계
proficiency_goal_desc_damage_master_rocket_150k,로켓으로 총 {0} 데미지 달성
proficiency_goal_name_damage_master_rocket_300k,데미지 마스터 (로켓) - 2단계
proficiency_goal_desc_damage_master_rocket_300k,로켓으로 총 {0} 데미지 달성
proficiency_goal_name_rocket_attack_master,공격 마스터 (로켓)
proficiency_goal_desc_rocket_attack_master,로켓으로 총 {0}회 공격 달성